-- MySQL dump 10.13  Distrib 8.0.45, for Linux (aarch64)
--
-- Host: localhost    Database: trading_journal
-- ------------------------------------------------------
-- Server version	8.0.45-0ubuntu0.24.04.1

/*!40101 SET @OLD_CHARACTER_SET_CLIENT=@@CHARACTER_SET_CLIENT */;
/*!40101 SET @OLD_CHARACTER_SET_RESULTS=@@CHARACTER_SET_RESULTS */;
/*!40101 SET @OLD_COLLATION_CONNECTION=@@COLLATION_CONNECTION */;
/*!50503 SET NAMES utf8mb4 */;
/*!40103 SET @OLD_TIME_ZONE=@@TIME_ZONE */;
/*!40103 SET TIME_ZONE='+00:00' */;
/*!40014 SET @OLD_UNIQUE_CHECKS=@@UNIQUE_CHECKS, UNIQUE_CHECKS=0 */;
/*!40014 SET @OLD_FOREIGN_KEY_CHECKS=@@FOREIGN_KEY_CHECKS, FOREIGN_KEY_CHECKS=0 */;
/*!40101 SET @OLD_SQL_MODE=@@SQL_MODE, SQL_MODE='NO_AUTO_VALUE_ON_ZERO' */;
/*!40111 SET @OLD_SQL_NOTES=@@SQL_NOTES, SQL_NOTES=0 */;

--
-- Table structure for table `Accounts`
--

DROP TABLE IF EXISTS `Accounts`;
/*!40101 SET @saved_cs_client     = @@character_set_client */;
/*!50503 SET character_set_client = utf8mb4 */;
CREATE TABLE `Accounts` (
  `id` char(36) CHARACTER SET utf8mb4 COLLATE utf8mb4_bin NOT NULL,
  `name` varchar(255) NOT NULL,
  `balance` decimal(10,2) NOT NULL,
  `userId` char(36) CHARACTER SET utf8mb4 COLLATE utf8mb4_bin NOT NULL,
  `isAnalyticsIncluded` tinyint(1) DEFAULT '1',
  `isCommissionsIncluded` tinyint(1) DEFAULT '0',
  `createdAt` datetime NOT NULL,
  `updatedAt` datetime NOT NULL,
  PRIMARY KEY (`id`),
  KEY `userId` (`userId`),
  CONSTRAINT `Accounts_ibfk_1` FOREIGN KEY (`userId`) REFERENCES `Users` (`id`) ON DELETE CASCADE ON UPDATE CASCADE
) ENGINE=InnoDB DEFAULT CHARSET=utf8mb4 COLLATE=utf8mb4_0900_ai_ci;
/*!40101 SET character_set_client = @saved_cs_client */;

--
-- Dumping data for table `Accounts`
--

LOCK TABLES `Accounts` WRITE;
/*!40000 ALTER TABLE `Accounts` DISABLE KEYS */;
INSERT INTO `Accounts` VALUES ('966098aa-aac8-458f-a6b0-81a5dbc5f21b','2nd Scalp Account',11100.00,'39c3e048-7462-4cf6-a124-80f902edb05c',1,1,'2026-02-11 11:14:14','2026-03-25 02:40:25'),('dba916a6-8097-4dfe-88e0-de8b2a6c11d7','Scalp Account',11400.00,'39c3e048-7462-4cf6-a124-80f902edb05c',1,1,'2025-10-08 07:59:57','2026-03-25 00:56:15');
/*!40000 ALTER TABLE `Accounts` ENABLE KEYS */;
UNLOCK TABLES;

--
-- Table structure for table `Mistakes`
--

DROP TABLE IF EXISTS `Mistakes`;
/*!40101 SET @saved_cs_client     = @@character_set_client */;
/*!50503 SET character_set_client = utf8mb4 */;
CREATE TABLE `Mistakes` (
  `id` char(36) CHARACTER SET utf8mb4 COLLATE utf8mb4_bin NOT NULL,
  `name` varchar(100) NOT NULL,
  `userId` char(36) CHARACTER SET utf8mb4 COLLATE utf8mb4_bin NOT NULL,
  `createdAt` datetime NOT NULL,
  `updatedAt` datetime NOT NULL,
  PRIMARY KEY (`id`),
  KEY `userId` (`userId`),
  CONSTRAINT `Mistakes_ibfk_1` FOREIGN KEY (`userId`) REFERENCES `Users` (`id`) ON DELETE CASCADE ON UPDATE CASCADE
) ENGINE=InnoDB DEFAULT CHARSET=utf8mb4 COLLATE=utf8mb4_0900_ai_ci;
/*!40101 SET character_set_client = @saved_cs_client */;

--
-- Dumping data for table `Mistakes`
--

LOCK TABLES `Mistakes` WRITE;
/*!40000 ALTER TABLE `Mistakes` DISABLE KEYS */;
INSERT INTO `Mistakes` VALUES ('0723dfde-e707-4107-af21-9f1f841eb4f8','Emotional Trade','39c3e048-7462-4cf6-a124-80f902edb05c','2025-12-19 15:08:31','2025-12-19 15:08:31'),('a1b2c3d4-e5f6-7890-abcd-ef1234567890','Over-Risked','39c3e048-7462-4cf6-a124-80f902edb05c','2025-10-08 07:30:00','2025-10-08 07:30:00'),('a1b2c3d4-e5f6-7890-abcd-ef1234567891','Too Tight Risk','39c3e048-7462-4cf6-a124-80f902edb05c','2025-10-08 07:30:00','2025-10-08 07:30:00'),('a1b2c3d4-e5f6-7890-abcd-ef1234567892','Failed to TP','39c3e048-7462-4cf6-a124-80f902edb05c','2025-10-08 07:30:00','2025-10-08 07:30:00'),('a1b2c3d4-e5f6-7890-abcd-ef1234567893','Failed to Accept Small Win','39c3e048-7462-4cf6-a124-80f902edb05c','2025-10-08 07:30:00','2025-10-08 07:30:00'),('a1b2c3d4-e5f6-7890-abcd-ef1234567894','Less Patient Entry','39c3e048-7462-4cf6-a124-80f902edb05c','2025-10-08 07:30:00','2025-10-08 07:30:00'),('a1b2c3d4-e5f6-7890-abcd-ef1234567895','Insufficient Risk','39c3e048-7462-4cf6-a124-80f902edb05c','2025-10-08 07:30:00','2025-10-08 07:30:00'),('a1b2c3d4-e5f6-7890-abcd-ef1234567896','Didn\'t Track Well','39c3e048-7462-4cf6-a124-80f902edb05c','2025-10-08 07:30:00','2025-10-08 07:30:00');
/*!40000 ALTER TABLE `Mistakes` ENABLE KEYS */;
UNLOCK TABLES;

--
-- Table structure for table `Plans`
--

DROP TABLE IF EXISTS `Plans`;
/*!40101 SET @saved_cs_client     = @@character_set_client */;
/*!50503 SET character_set_client = utf8mb4 */;
CREATE TABLE `Plans` (
  `id` char(36) CHARACTER SET utf8mb4 COLLATE utf8mb4_bin NOT NULL,
  `name` varchar(255) NOT NULL,
  `content` longtext,
  `userId` char(36) CHARACTER SET utf8mb4 COLLATE utf8mb4_bin NOT NULL,
  `createdAt` datetime NOT NULL,
  `updatedAt` datetime NOT NULL,
  `deletedAt` datetime DEFAULT NULL,
  PRIMARY KEY (`id`),
  KEY `userId` (`userId`),
  CONSTRAINT `Plans_ibfk_1` FOREIGN KEY (`userId`) REFERENCES `Users` (`id`) ON DELETE CASCADE ON UPDATE CASCADE
) ENGINE=InnoDB DEFAULT CHARSET=utf8mb4 COLLATE=utf8mb4_0900_ai_ci;
/*!40101 SET character_set_client = @saved_cs_client */;

--
-- Dumping data for table `Plans`
--

LOCK TABLES `Plans` WRITE;
/*!40000 ALTER TABLE `Plans` DISABLE KEYS */;
INSERT INTO `Plans` VALUES ('270c5af6-3fd4-4f11-8fad-5af55e9b1c37','Bounce',NULL,'39c3e048-7462-4cf6-a124-80f902edb05c','2025-10-08 13:07:40','2025-10-08 13:07:40',NULL),('3378c2b6-526b-4a2f-9af5-410d9a242bf6','KL Pullback',NULL,'39c3e048-7462-4cf6-a124-80f902edb05c','2025-10-08 13:07:44','2025-10-08 13:07:44',NULL),('d562efae-6377-4d22-9ed9-9c47ef8e0161','Bagholder Short',NULL,'39c3e048-7462-4cf6-a124-80f902edb05c','2025-10-08 13:07:53','2025-10-08 13:07:53',NULL),('de22b968-efa4-485c-b4f5-d6c11af829e2','Continuation Break',NULL,'39c3e048-7462-4cf6-a124-80f902edb05c','2025-10-08 13:07:49','2026-03-25 02:43:44',NULL);
/*!40000 ALTER TABLE `Plans` ENABLE KEYS */;
UNLOCK TABLES;

--
-- Table structure for table `RefreshTokens`
--

DROP TABLE IF EXISTS `RefreshTokens`;
/*!40101 SET @saved_cs_client     = @@character_set_client */;
/*!50503 SET character_set_client = utf8mb4 */;
CREATE TABLE `RefreshTokens` (
  `id` char(36) CHARACTER SET utf8mb4 COLLATE utf8mb4_bin NOT NULL,
  `token` varchar(255) NOT NULL,
  `expiresAt` datetime NOT NULL,
  `userId` char(36) CHARACTER SET utf8mb4 COLLATE utf8mb4_bin NOT NULL,
  `createdAt` datetime NOT NULL,
  `updatedAt` datetime NOT NULL,
  PRIMARY KEY (`id`),
  UNIQUE KEY `token` (`token`),
  KEY `userId` (`userId`),
  CONSTRAINT `RefreshTokens_ibfk_1` FOREIGN KEY (`userId`) REFERENCES `Users` (`id`) ON DELETE CASCADE ON UPDATE CASCADE
) ENGINE=InnoDB DEFAULT CHARSET=utf8mb4 COLLATE=utf8mb4_0900_ai_ci;
/*!40101 SET character_set_client = @saved_cs_client */;

--
-- Dumping data for table `RefreshTokens`
--

LOCK TABLES `RefreshTokens` WRITE;
/*!40000 ALTER TABLE `RefreshTokens` DISABLE KEYS */;
/*!40000 ALTER TABLE `RefreshTokens` ENABLE KEYS */;
UNLOCK TABLES;

--
-- Table structure for table `TradeMistakes`
--

DROP TABLE IF EXISTS `TradeMistakes`;
/*!40101 SET @saved_cs_client     = @@character_set_client */;
/*!50503 SET character_set_client = utf8mb4 */;
CREATE TABLE `TradeMistakes` (
  `tradeId` char(36) CHARACTER SET utf8mb4 COLLATE utf8mb4_bin NOT NULL,
  `mistakeId` char(36) CHARACTER SET utf8mb4 COLLATE utf8mb4_bin NOT NULL,
  `createdAt` datetime NOT NULL,
  `updatedAt` datetime NOT NULL,
  PRIMARY KEY (`tradeId`,`mistakeId`),
  KEY `mistakeId` (`mistakeId`),
  CONSTRAINT `TradeMistakes_ibfk_1` FOREIGN KEY (`tradeId`) REFERENCES `Trades` (`id`) ON DELETE CASCADE ON UPDATE CASCADE,
  CONSTRAINT `TradeMistakes_ibfk_2` FOREIGN KEY (`mistakeId`) REFERENCES `Mistakes` (`id`) ON DELETE CASCADE ON UPDATE CASCADE
) ENGINE=InnoDB DEFAULT CHARSET=utf8mb4 COLLATE=utf8mb4_0900_ai_ci;
/*!40101 SET character_set_client = @saved_cs_client */;

--
-- Dumping data for table `TradeMistakes`
--

LOCK TABLES `TradeMistakes` WRITE;
/*!40000 ALTER TABLE `TradeMistakes` DISABLE KEYS */;
INSERT INTO `TradeMistakes` VALUES ('1db4c323-b513-442e-96cf-b2b40c339b8a','a1b2c3d4-e5f6-7890-abcd-ef1234567890','2025-11-13 14:57:04','2025-11-13 14:57:04'),('1f9080e4-316b-4edb-b152-41daf27a24a1','0723dfde-e707-4107-af21-9f1f841eb4f8','2025-12-19 15:08:32','2025-12-19 15:08:32'),('1f9080e4-316b-4edb-b152-41daf27a24a1','a1b2c3d4-e5f6-7890-abcd-ef1234567890','2025-12-19 15:08:20','2025-12-19 15:08:20'),('34d2e605-d283-4d86-bc46-75b7fe9303aa','0723dfde-e707-4107-af21-9f1f841eb4f8','2025-12-19 15:08:38','2025-12-19 15:08:38'),('34d2e605-d283-4d86-bc46-75b7fe9303aa','a1b2c3d4-e5f6-7890-abcd-ef1234567891','2025-12-19 15:07:58','2025-12-19 15:07:58'),('34d44500-6c1a-4a24-b194-8461ee70999b','a1b2c3d4-e5f6-7890-abcd-ef1234567891','2025-12-04 14:49:40','2025-12-04 14:49:40'),('43d2f966-a5bd-41ce-a666-62de5b1198e1','a1b2c3d4-e5f6-7890-abcd-ef1234567894','2025-12-23 02:33:31','2025-12-23 02:33:31'),('461db897-fda2-45b7-b800-e0ad585a90a9','a1b2c3d4-e5f6-7890-abcd-ef1234567891','2025-10-08 08:57:30','2025-10-08 08:57:30'),('5e493b45-86c4-47ff-b1a1-4055ba4707b9','a1b2c3d4-e5f6-7890-abcd-ef1234567890','2025-10-08 13:07:23','2025-10-08 13:07:23'),('75609608-ee70-403e-bec8-e7d0ccc84f1f','a1b2c3d4-e5f6-7890-abcd-ef1234567892','2025-11-06 15:03:23','2025-11-06 15:03:23'),('75609608-ee70-403e-bec8-e7d0ccc84f1f','a1b2c3d4-e5f6-7890-abcd-ef1234567893','2025-11-06 15:03:23','2025-11-06 15:03:23'),('7cfd03f2-680b-4260-91b2-ecc87b4e9d93','a1b2c3d4-e5f6-7890-abcd-ef1234567894','2025-11-06 15:03:23','2025-11-06 15:03:23'),('8d2cf357-42a1-472b-8847-264732b89143','a1b2c3d4-e5f6-7890-abcd-ef1234567894','2025-11-06 15:03:23','2025-11-06 15:03:23'),('9ab302d2-3764-4364-9f9a-88aa59d3495d','a1b2c3d4-e5f6-7890-abcd-ef1234567893','2026-01-15 01:11:11','2026-01-15 01:11:11'),('aac684ec-be08-4ceb-9b6e-ed3a29ef61b8','a1b2c3d4-e5f6-7890-abcd-ef1234567890','2025-10-08 13:07:23','2025-10-08 13:07:23'),('aae74c57-8c05-4db6-bdf7-79e5da29e5fb','a1b2c3d4-e5f6-7890-abcd-ef1234567896','2025-12-03 14:53:56','2025-12-03 14:53:56'),('c865c4eb-cb5e-4764-a5bb-7cff31a92a52','0723dfde-e707-4107-af21-9f1f841eb4f8','2025-12-23 02:33:43','2025-12-23 02:33:43'),('ca4f4089-46a9-445a-9403-3c94bb343bde','a1b2c3d4-e5f6-7890-abcd-ef1234567895','2025-10-28 01:01:16','2025-10-28 01:01:16'),('cc90b83b-7a15-4ddc-974f-51103c551475','a1b2c3d4-e5f6-7890-abcd-ef1234567895','2025-10-08 09:01:02','2025-10-08 09:01:02'),('cf468f25-149c-47d9-ab25-b8744eb3e708','a1b2c3d4-e5f6-7890-abcd-ef1234567895','2025-10-10 13:24:44','2025-10-10 13:24:44'),('d1577d4a-0c87-47e7-879c-336b4324fe32','a1b2c3d4-e5f6-7890-abcd-ef1234567895','2025-10-08 08:59:49','2025-10-08 08:59:49'),('d31e6154-ca80-4261-87ac-0a75904ac8e7','a1b2c3d4-e5f6-7890-abcd-ef1234567893','2026-01-06 00:33:50','2026-01-06 00:33:50'),('f764ac93-91d1-43d9-bf2d-cb4480056746','a1b2c3d4-e5f6-7890-abcd-ef1234567896','2025-10-08 09:00:41','2025-10-08 09:00:41'),('ffd6c9f8-577b-4a35-b089-f9f0c8115e3b','a1b2c3d4-e5f6-7890-abcd-ef1234567896','2025-10-12 00:43:26','2025-10-12 00:43:26');
/*!40000 ALTER TABLE `TradeMistakes` ENABLE KEYS */;
UNLOCK TABLES;

--
-- Table structure for table `Trades`
--

DROP TABLE IF EXISTS `Trades`;
/*!40101 SET @saved_cs_client     = @@character_set_client */;
/*!50503 SET character_set_client = utf8mb4 */;
CREATE TABLE `Trades` (
  `id` char(36) CHARACTER SET utf8mb4 COLLATE utf8mb4_bin NOT NULL,
  `ticker` varchar(255) NOT NULL,
  `side` enum('long','short') DEFAULT NULL,
  `quantity` int NOT NULL,
  `entry` decimal(10,2) NOT NULL,
  `exit` decimal(10,2) NOT NULL,
  `fees` decimal(10,2) DEFAULT '0.00',
  `grade` int DEFAULT NULL,
  `notes` varchar(255) DEFAULT NULL,
  `date` date NOT NULL,
  `time` time NOT NULL,
  `realized` decimal(10,2) NOT NULL,
  `account` varchar(255) NOT NULL,
  `security` enum('stock') NOT NULL DEFAULT 'stock',
  `broker` varchar(255) DEFAULT NULL,
  `userId` char(36) CHARACTER SET utf8mb4 COLLATE utf8mb4_bin NOT NULL,
  `planId` char(36) CHARACTER SET utf8mb4 COLLATE utf8mb4_bin DEFAULT NULL,
  `accountId` char(36) CHARACTER SET utf8mb4 COLLATE utf8mb4_bin DEFAULT NULL,
  `createdAt` datetime NOT NULL,
  `updatedAt` datetime NOT NULL,
  `isVisibleInAnalytics` tinyint(1) NOT NULL DEFAULT '1',
  PRIMARY KEY (`id`),
  KEY `userId` (`userId`),
  KEY `planId` (`planId`),
  KEY `accountId` (`accountId`),
  CONSTRAINT `Trades_ibfk_1` FOREIGN KEY (`userId`) REFERENCES `Users` (`id`) ON DELETE CASCADE ON UPDATE CASCADE,
  CONSTRAINT `Trades_ibfk_2` FOREIGN KEY (`planId`) REFERENCES `Plans` (`id`) ON DELETE SET NULL ON UPDATE CASCADE,
  CONSTRAINT `Trades_ibfk_3` FOREIGN KEY (`accountId`) REFERENCES `Accounts` (`id`) ON DELETE SET NULL ON UPDATE CASCADE
) ENGINE=InnoDB DEFAULT CHARSET=utf8mb4 COLLATE=utf8mb4_0900_ai_ci;
/*!40101 SET character_set_client = @saved_cs_client */;

--
-- Dumping data for table `Trades`
--

LOCK TABLES `Trades` WRITE;
/*!40000 ALTER TABLE `Trades` DISABLE KEYS */;
INSERT INTO `Trades` VALUES ('0401351a-692c-4d8a-86e1-381e6412689f','WBD','long',500,29.09,29.15,2.50,5,NULL,'2025-12-10','09:38:40',30.10,'RAC80711','stock',NULL,'39c3e048-7462-4cf6-a124-80f902edb05c','3378c2b6-526b-4a2f-9af5-410d9a242bf6','dba916a6-8097-4dfe-88e0-de8b2a6c11d7','2025-12-13 13:36:38','2025-12-13 13:39:20',1),('048c2215-8e41-490c-b4dd-51201b714553','SER','long',500,2.25,2.36,2.00,5,NULL,'2026-03-19','21:35:04',55.05,'RAC80711','stock',NULL,'39c3e048-7462-4cf6-a124-80f902edb05c','3378c2b6-526b-4a2f-9af5-410d9a242bf6','966098aa-aac8-458f-a6b0-81a5dbc5f21b','2026-03-21 01:37:27','2026-03-21 01:37:50',1),('0a8dbd23-6b08-4651-91ff-5a9c44cd2128','TSM','long',25,340.59,339.19,2.00,5,NULL,'2026-01-15','09:32:10',-35.00,'RAC80711','stock',NULL,'39c3e048-7462-4cf6-a124-80f902edb05c','270c5af6-3fd4-4f11-8fad-5af55e9b1c37','dba916a6-8097-4dfe-88e0-de8b2a6c11d7','2026-01-20 01:15:39','2026-03-25 02:40:45',1),('0adbf6d4-158b-45bc-b6c4-a3efe8fe1e2d','GOOG','long',30,323.98,323.48,2.00,5,NULL,'2025-11-25','09:45:12',-14.99,'RAC80711','stock',NULL,'39c3e048-7462-4cf6-a124-80f902edb05c','270c5af6-3fd4-4f11-8fad-5af55e9b1c37','dba916a6-8097-4dfe-88e0-de8b2a6c11d7','2025-11-25 15:05:26','2025-11-28 14:50:25',1),('10785d9e-821a-4aab-a258-e45e4a02e80d','RGTI','long',50,36.15,36.58,2.00,5,NULL,'2025-10-03','21:35:36',21.50,'RAC80711','stock',NULL,'39c3e048-7462-4cf6-a124-80f902edb05c','270c5af6-3fd4-4f11-8fad-5af55e9b1c37','dba916a6-8097-4dfe-88e0-de8b2a6c11d7','2025-10-08 09:01:12','2025-10-08 13:16:22',1),('12d31e1c-591c-4c54-8887-bed38b8930d4','META','long',25,663.50,661.03,5.00,5,NULL,'2025-12-04','09:46:29',-61.65,'RAC80711','stock',NULL,'39c3e048-7462-4cf6-a124-80f902edb05c','270c5af6-3fd4-4f11-8fad-5af55e9b1c37','dba916a6-8097-4dfe-88e0-de8b2a6c11d7','2025-12-04 14:49:25','2025-12-04 14:49:51',1),('1990a05d-99f7-4acc-9656-d1b9b6be9632','MU','long',25,275.32,273.92,2.00,5,NULL,'2025-12-22','09:31:24',-35.13,'RAC80711','stock',NULL,'39c3e048-7462-4cf6-a124-80f902edb05c','270c5af6-3fd4-4f11-8fad-5af55e9b1c37','dba916a6-8097-4dfe-88e0-de8b2a6c11d7','2025-12-22 14:52:33','2026-03-25 02:40:59',1),('1a6b6880-4e57-47c6-8474-728abc9a4843','TTD','long',100,31.56,32.14,2.00,5,NULL,'2026-03-05','22:36:19',58.01,'RAC80711','stock',NULL,'39c3e048-7462-4cf6-a124-80f902edb05c','270c5af6-3fd4-4f11-8fad-5af55e9b1c37','966098aa-aac8-458f-a6b0-81a5dbc5f21b','2026-03-05 14:48:25','2026-03-05 14:48:55',1),('1db4c323-b513-442e-96cf-b2b40c339b8a','CRWV','short',100,81.34,81.84,3.00,2,NULL,'2025-11-13','09:49:20',-50.18,'RAC80711','stock',NULL,'39c3e048-7462-4cf6-a124-80f902edb05c','3378c2b6-526b-4a2f-9af5-410d9a242bf6','dba916a6-8097-4dfe-88e0-de8b2a6c11d7','2025-11-13 14:57:04','2025-11-13 14:57:26',1),('1f9080e4-316b-4edb-b152-41daf27a24a1','DJT','long',500,15.42,15.31,7.00,1,NULL,'2025-12-19','09:56:39',-54.60,'RAC80711','stock',NULL,'39c3e048-7462-4cf6-a124-80f902edb05c','270c5af6-3fd4-4f11-8fad-5af55e9b1c37','dba916a6-8097-4dfe-88e0-de8b2a6c11d7','2025-12-19 15:06:28','2026-03-25 02:41:00',1),('283ecd09-1d6e-4bf7-a24b-97d57868c3d6','CRWV','long',20,139.06,140.84,2.00,5,NULL,'2025-09-30','21:44:44',35.60,'RAC80711','stock',NULL,'39c3e048-7462-4cf6-a124-80f902edb05c','3378c2b6-526b-4a2f-9af5-410d9a242bf6','dba916a6-8097-4dfe-88e0-de8b2a6c11d7','2025-10-08 09:00:27','2025-10-08 13:15:05',1),('298ff0b9-f0ed-4457-be69-b27ce4234412','SER','long',500,2.30,2.23,2.00,5,NULL,'2026-03-19','21:33:09',-34.95,'RAC80711','stock',NULL,'39c3e048-7462-4cf6-a124-80f902edb05c','3378c2b6-526b-4a2f-9af5-410d9a242bf6','966098aa-aac8-458f-a6b0-81a5dbc5f21b','2026-03-21 01:37:27','2026-03-21 01:37:48',1),('2f2ce1f0-85a4-483d-9a17-0a58d0b35171','TTD','long',100,32.40,31.90,2.00,5,NULL,'2026-03-05','22:33:06',-49.98,'RAC80711','stock',NULL,'39c3e048-7462-4cf6-a124-80f902edb05c','3378c2b6-526b-4a2f-9af5-410d9a242bf6','966098aa-aac8-458f-a6b0-81a5dbc5f21b','2026-03-05 14:48:25','2026-03-05 14:48:41',1),('31338124-2903-411d-9b2f-fe14c47a5982','WBD','long',200,27.52,27.80,2.00,5,NULL,'2025-12-08','09:34:51',56.02,'RAC80711','stock',NULL,'39c3e048-7462-4cf6-a124-80f902edb05c','270c5af6-3fd4-4f11-8fad-5af55e9b1c37','dba916a6-8097-4dfe-88e0-de8b2a6c11d7','2025-12-13 13:35:59','2025-12-13 13:39:16',1),('34d2e605-d283-4d86-bc46-75b7fe9303aa','DJT','long',250,15.07,14.99,2.00,1,NULL,'2025-12-19','09:58:56',-19.95,'RAC80711','stock',NULL,'39c3e048-7462-4cf6-a124-80f902edb05c','270c5af6-3fd4-4f11-8fad-5af55e9b1c37','dba916a6-8097-4dfe-88e0-de8b2a6c11d7','2025-12-19 15:06:28','2026-03-25 02:41:01',1),('34d44500-6c1a-4a24-b194-8461ee70999b','META','long',25,662.82,661.31,3.00,3,NULL,'2025-12-04','09:35:12',-37.75,'RAC80711','stock',NULL,'39c3e048-7462-4cf6-a124-80f902edb05c','270c5af6-3fd4-4f11-8fad-5af55e9b1c37','dba916a6-8097-4dfe-88e0-de8b2a6c11d7','2025-12-04 14:49:25','2025-12-04 14:49:48',1),('38368201-a58a-4d42-85ee-d05a495f64b1','SOFI','long',100,30.09,30.39,2.00,5,NULL,'2025-10-28','09:38:59',30.08,'RAC80711','stock',NULL,'39c3e048-7462-4cf6-a124-80f902edb05c','270c5af6-3fd4-4f11-8fad-5af55e9b1c37','dba916a6-8097-4dfe-88e0-de8b2a6c11d7','2025-10-29 00:45:08','2025-10-31 00:37:47',1),('3cb2ef5c-d4f2-4362-8a71-f4965168312e','TSLA','long',25,475.24,478.01,2.00,5,NULL,'2025-12-15','09:35:42',69.38,'RAC80711','stock',NULL,'39c3e048-7462-4cf6-a124-80f902edb05c','3378c2b6-526b-4a2f-9af5-410d9a242bf6','dba916a6-8097-4dfe-88e0-de8b2a6c11d7','2025-12-16 01:22:26','2025-12-17 15:02:50',1),('43d2f966-a5bd-41ce-a666-62de5b1198e1','MU','long',25,274.22,272.17,2.00,2,NULL,'2025-12-22','09:32:32',-51.25,'RAC80711','stock',NULL,'39c3e048-7462-4cf6-a124-80f902edb05c','270c5af6-3fd4-4f11-8fad-5af55e9b1c37','dba916a6-8097-4dfe-88e0-de8b2a6c11d7','2025-12-22 14:52:33','2026-03-25 02:41:00',1),('4542ee2c-9154-433e-ac23-f404fee2a919','TTD','long',100,31.80,31.51,2.00,5,NULL,'2026-03-05','22:41:24',-28.97,'RAC80711','stock',NULL,'39c3e048-7462-4cf6-a124-80f902edb05c','270c5af6-3fd4-4f11-8fad-5af55e9b1c37','966098aa-aac8-458f-a6b0-81a5dbc5f21b','2026-03-05 14:48:25','2026-03-05 14:48:42',1),('461db897-fda2-45b7-b800-e0ad585a90a9','APVO','short',100,2.48,2.66,2.00,2,NULL,'2025-09-16','21:37:39',-17.97,'RAC80711','stock',NULL,'39c3e048-7462-4cf6-a124-80f902edb05c','d562efae-6377-4d22-9ed9-9c47ef8e0161','dba916a6-8097-4dfe-88e0-de8b2a6c11d7','2025-10-08 08:57:30','2025-10-08 13:13:11',1),('46916715-d538-4004-a889-7ea2174f292f','CRWV','long',25,105.93,107.50,2.00,5,NULL,'2026-01-26','09:41:47',39.13,'RAC80711','stock',NULL,'39c3e048-7462-4cf6-a124-80f902edb05c','270c5af6-3fd4-4f11-8fad-5af55e9b1c37','dba916a6-8097-4dfe-88e0-de8b2a6c11d7','2026-01-27 01:05:05','2026-03-25 02:40:43',1),('4b07ec50-74b9-4f20-a9e7-4e17ed78e747','DPRO','long',100,8.70,8.48,2.00,5,NULL,'2025-09-30','21:33:21',-21.98,'RAC80711','stock',NULL,'39c3e048-7462-4cf6-a124-80f902edb05c','3378c2b6-526b-4a2f-9af5-410d9a242bf6','dba916a6-8097-4dfe-88e0-de8b2a6c11d7','2025-10-08 09:00:27','2025-10-08 13:15:07',1),('4facc026-986c-4a39-8b91-b19a1904e144','CRWV','long',50,110.16,109.20,2.00,5,NULL,'2026-01-28','09:51:12',-47.99,'RAC80711','stock',NULL,'39c3e048-7462-4cf6-a124-80f902edb05c','270c5af6-3fd4-4f11-8fad-5af55e9b1c37','dba916a6-8097-4dfe-88e0-de8b2a6c11d7','2026-01-29 01:43:30','2026-03-25 02:40:41',1),('4fe80263-ba94-4060-a664-37262115ff07','HIMS','long',250,25.19,24.95,2.00,4,NULL,'2026-03-10','21:32:30',-59.95,'RAC80711','stock',NULL,'39c3e048-7462-4cf6-a124-80f902edb05c','3378c2b6-526b-4a2f-9af5-410d9a242bf6','966098aa-aac8-458f-a6b0-81a5dbc5f21b','2026-03-10 13:41:05','2026-03-24 00:03:38',1),('51bc1dfb-3b23-4760-b6ca-550c26cc9154','TSM','long',50,356.32,354.93,2.00,5,'','2026-02-09','10:02:24',-69.49,'RAC80711','stock',NULL,'39c3e048-7462-4cf6-a124-80f902edb05c','270c5af6-3fd4-4f11-8fad-5af55e9b1c37','966098aa-aac8-458f-a6b0-81a5dbc5f21b','2026-02-10 03:28:26','2026-02-12 00:49:08',1),('587ad361-58d9-4e7b-8a42-5e5fabf26a67','INTC','long',100,34.70,34.96,2.00,4,NULL,'2025-09-26','21:32:25',25.60,'RAC80711','stock',NULL,'39c3e048-7462-4cf6-a124-80f902edb05c','270c5af6-3fd4-4f11-8fad-5af55e9b1c37','dba916a6-8097-4dfe-88e0-de8b2a6c11d7','2025-10-08 09:00:00','2025-10-08 13:14:22',1),('5a974b02-af51-4201-96d1-8187b4dcca61','PL','long',100,33.27,32.80,0.00,5,NULL,'2026-03-23','21:34:21',-46.86,'RAC80711','stock',NULL,'39c3e048-7462-4cf6-a124-80f902edb05c','270c5af6-3fd4-4f11-8fad-5af55e9b1c37','966098aa-aac8-458f-a6b0-81a5dbc5f21b','2026-03-24 00:02:48','2026-03-24 00:03:47',1),('5d0520ed-6241-43dc-881b-6c6592eac343','AVGO','long',10,358.50,360.84,2.00,5,NULL,'2025-09-10','21:44:05',23.40,'RAC80711','stock',NULL,'39c3e048-7462-4cf6-a124-80f902edb05c','3378c2b6-526b-4a2f-9af5-410d9a242bf6','dba916a6-8097-4dfe-88e0-de8b2a6c11d7','2025-10-08 08:55:29','2025-10-08 13:11:41',1),('5e493b45-86c4-47ff-b1a1-4055ba4707b9','IREN','long',40,58.00,57.21,2.00,2,NULL,'2025-10-07','21:32:36',-31.57,'RAC80711','stock',NULL,'39c3e048-7462-4cf6-a124-80f902edb05c','270c5af6-3fd4-4f11-8fad-5af55e9b1c37','dba916a6-8097-4dfe-88e0-de8b2a6c11d7','2025-10-08 13:07:23','2025-10-08 13:16:54',1),('62eb88db-22e0-4ba3-bb7f-4e4baeba7beb','RGTI','long',50,36.64,36.94,2.00,5,NULL,'2025-10-03','21:43:23',15.01,'RAC80711','stock',NULL,'39c3e048-7462-4cf6-a124-80f902edb05c','270c5af6-3fd4-4f11-8fad-5af55e9b1c37','dba916a6-8097-4dfe-88e0-de8b2a6c11d7','2025-10-08 09:01:12','2025-10-08 13:16:25',1),('64d647ed-6452-460b-ac10-a7a379c931d7','TSLA','long',10,420.15,424.07,2.00,5,NULL,'2025-09-15','21:32:26',39.20,'RAC80711','stock',NULL,'39c3e048-7462-4cf6-a124-80f902edb05c','270c5af6-3fd4-4f11-8fad-5af55e9b1c37','dba916a6-8097-4dfe-88e0-de8b2a6c11d7','2025-10-08 08:57:17','2025-10-08 13:12:11',1),('6b2d2811-efd0-465d-b8fe-9cc6194e544c','IREN','long',40,71.27,72.43,2.00,5,NULL,'2025-10-15','09:39:06',46.63,'RAC80711','stock',NULL,'39c3e048-7462-4cf6-a124-80f902edb05c','270c5af6-3fd4-4f11-8fad-5af55e9b1c37','dba916a6-8097-4dfe-88e0-de8b2a6c11d7','2025-10-16 01:31:04','2025-10-19 11:27:30',1),('6e88acc1-e409-435b-aedd-e14fe692bd2c','NERV','short',100,7.14,6.89,2.00,5,NULL,'2025-10-21','09:36:25',25.00,'RAC80711','stock',NULL,'39c3e048-7462-4cf6-a124-80f902edb05c','d562efae-6377-4d22-9ed9-9c47ef8e0161','dba916a6-8097-4dfe-88e0-de8b2a6c11d7','2025-10-22 00:51:47','2025-11-13 15:12:54',1),('6f131d68-8dbb-4031-a011-5a42ab5b0fba','PLTR','long',30,200.95,202.09,2.00,5,NULL,'2025-10-31','09:41:44',34.22,'RAC80711','stock',NULL,'39c3e048-7462-4cf6-a124-80f902edb05c','3378c2b6-526b-4a2f-9af5-410d9a242bf6','dba916a6-8097-4dfe-88e0-de8b2a6c11d7','2025-10-31 13:54:24','2025-10-31 13:54:44',1),('7025931e-b4b9-43c2-9f63-eca98bb0a721','HIMS','long',250,25.02,24.81,2.00,5,NULL,'2026-03-10','21:32:51',-52.40,'RAC80711','stock',NULL,'39c3e048-7462-4cf6-a124-80f902edb05c','3378c2b6-526b-4a2f-9af5-410d9a242bf6','966098aa-aac8-458f-a6b0-81a5dbc5f21b','2026-03-10 13:41:05','2026-03-21 01:37:45',1),('72e47dca-ecb9-4f39-88c4-924915b06e7d','MU','long',25,316.93,315.06,2.00,5,NULL,'2026-01-05','09:35:17',-46.74,'RAC80711','stock',NULL,'39c3e048-7462-4cf6-a124-80f902edb05c','270c5af6-3fd4-4f11-8fad-5af55e9b1c37','dba916a6-8097-4dfe-88e0-de8b2a6c11d7','2026-01-06 00:33:10','2026-03-25 02:40:58',1),('75609608-ee70-403e-bec8-e7d0ccc84f1f','IREN','long',30,73.20,72.30,2.00,1,NULL,'2025-11-06','09:56:19',-27.00,'RAC80711','stock',NULL,'39c3e048-7462-4cf6-a124-80f902edb05c','270c5af6-3fd4-4f11-8fad-5af55e9b1c37','dba916a6-8097-4dfe-88e0-de8b2a6c11d7','2025-11-06 15:03:23','2025-11-06 15:04:25',1),('75ddd597-ea59-4ffd-94c9-d3567622dfd4','DJT','long',250,14.96,15.17,2.00,5,NULL,'2025-12-19','09:38:02',52.55,'RAC80711','stock',NULL,'39c3e048-7462-4cf6-a124-80f902edb05c','270c5af6-3fd4-4f11-8fad-5af55e9b1c37','dba916a6-8097-4dfe-88e0-de8b2a6c11d7','2025-12-19 15:06:28','2026-03-25 02:39:40',1),('785689b2-8789-4510-8daf-25fc9dcea11f','AMZN','long',30,248.98,247.86,2.00,5,NULL,'2025-10-31','09:33:44',-33.73,'RAC80711','stock',NULL,'39c3e048-7462-4cf6-a124-80f902edb05c','270c5af6-3fd4-4f11-8fad-5af55e9b1c37','dba916a6-8097-4dfe-88e0-de8b2a6c11d7','2025-10-31 13:54:24','2025-10-31 13:54:44',1),('7cfd03f2-680b-4260-91b2-ecc87b4e9d93','IREN','long',30,74.13,73.47,2.00,4,NULL,'2025-11-06','09:42:31',-19.80,'RAC80711','stock',NULL,'39c3e048-7462-4cf6-a124-80f902edb05c','270c5af6-3fd4-4f11-8fad-5af55e9b1c37','dba916a6-8097-4dfe-88e0-de8b2a6c11d7','2025-11-06 15:03:23','2025-11-08 01:19:25',1),('841c6d08-38a6-4cf0-8c34-9424b7e1ea81','TSLA','long',10,421.89,420.34,2.00,5,NULL,'2025-09-15','21:37:54',-15.50,'RAC80711','stock',NULL,'39c3e048-7462-4cf6-a124-80f902edb05c','270c5af6-3fd4-4f11-8fad-5af55e9b1c37','dba916a6-8097-4dfe-88e0-de8b2a6c11d7','2025-10-08 08:57:17','2025-10-08 13:12:16',1),('844b972f-bded-4899-8d61-2e11a0435816','PLTR','long',20,194.61,195.65,2.00,5,NULL,'2025-10-30','09:40:52',20.82,'RAC80711','stock',NULL,'39c3e048-7462-4cf6-a124-80f902edb05c','270c5af6-3fd4-4f11-8fad-5af55e9b1c37','dba916a6-8097-4dfe-88e0-de8b2a6c11d7','2025-10-31 00:37:32','2025-10-31 00:37:44',1),('8696bcc5-4f5c-40c9-9cc6-07bd7f660ff7','PLTR','long',30,200.90,201.36,2.00,5,NULL,'2025-10-31','09:39:47',13.81,'RAC80711','stock',NULL,'39c3e048-7462-4cf6-a124-80f902edb05c','3378c2b6-526b-4a2f-9af5-410d9a242bf6','dba916a6-8097-4dfe-88e0-de8b2a6c11d7','2025-10-31 13:54:24','2025-10-31 13:54:45',1),('8d1442e9-e811-4113-ad69-3ea2267634d1','HOOD','long',60,127.83,128.52,2.00,3,NULL,'2025-11-28','09:37:45',41.49,'RAC80711','stock',NULL,'39c3e048-7462-4cf6-a124-80f902edb05c','270c5af6-3fd4-4f11-8fad-5af55e9b1c37','dba916a6-8097-4dfe-88e0-de8b2a6c11d7','2025-11-28 14:50:13','2025-12-03 14:54:04',1),('8d2cf357-42a1-472b-8847-264732b89143','IREN','long',30,73.84,74.50,2.00,4,NULL,'2025-11-06','09:37:46',19.80,'RAC80711','stock',NULL,'39c3e048-7462-4cf6-a124-80f902edb05c','270c5af6-3fd4-4f11-8fad-5af55e9b1c37','dba916a6-8097-4dfe-88e0-de8b2a6c11d7','2025-11-06 15:03:23','2025-11-08 01:19:22',1),('90a18e9e-9f1b-4619-a209-551bffb9c2f4','TSLA','long',25,493.11,491.85,2.00,4,NULL,'2025-12-17','09:35:54',-31.50,'RAC80711','stock',NULL,'39c3e048-7462-4cf6-a124-80f902edb05c','3378c2b6-526b-4a2f-9af5-410d9a242bf6','dba916a6-8097-4dfe-88e0-de8b2a6c11d7','2025-12-17 15:02:23','2025-12-18 14:54:08',1),('9359d74a-0ca1-4ade-9529-4faf42305b63','CRWV','long',50,110.23,109.47,2.00,5,NULL,'2026-01-28','09:48:16',-37.99,'RAC80711','stock',NULL,'39c3e048-7462-4cf6-a124-80f902edb05c','270c5af6-3fd4-4f11-8fad-5af55e9b1c37','dba916a6-8097-4dfe-88e0-de8b2a6c11d7','2026-01-29 01:43:30','2026-03-25 02:40:42',1),('9481da0e-3e20-43c0-aa9e-9d1542cf02d0','PLTR','long',20,196.29,195.35,2.00,5,NULL,'2025-10-30','09:36:40',-18.78,'RAC80711','stock',NULL,'39c3e048-7462-4cf6-a124-80f902edb05c','270c5af6-3fd4-4f11-8fad-5af55e9b1c37','dba916a6-8097-4dfe-88e0-de8b2a6c11d7','2025-10-31 00:37:32','2025-10-31 00:37:45',1),('99022924-66fd-4a1d-b455-8fe9a7ffed42','QS','long',100,10.35,10.12,2.00,5,NULL,'2025-09-08','21:32:34',-22.99,'RAC80711','stock',NULL,'39c3e048-7462-4cf6-a124-80f902edb05c','3378c2b6-526b-4a2f-9af5-410d9a242bf6','dba916a6-8097-4dfe-88e0-de8b2a6c11d7','2025-10-08 08:56:08','2025-10-08 13:11:33',1),('9ab302d2-3764-4364-9f9a-88aa59d3495d','INTC','long',200,47.99,47.57,0.00,3,NULL,'2026-01-14','09:41:54',-83.96,'RAC80711','stock',NULL,'39c3e048-7462-4cf6-a124-80f902edb05c','270c5af6-3fd4-4f11-8fad-5af55e9b1c37','dba916a6-8097-4dfe-88e0-de8b2a6c11d7','2026-01-15 01:10:56','2026-03-25 02:40:57',1),('9c99e275-e70c-49a9-8bf0-f16a03ada068','APVO','short',100,2.49,2.56,2.00,4,NULL,'2025-09-16','21:34:05',-7.50,'RAC80711','stock',NULL,'39c3e048-7462-4cf6-a124-80f902edb05c','d562efae-6377-4d22-9ed9-9c47ef8e0161','dba916a6-8097-4dfe-88e0-de8b2a6c11d7','2025-10-08 08:57:30','2025-10-08 13:13:18',1),('a1c23639-2fda-4ce7-bb60-113dd83bb719','GOOG','long',30,300.37,302.06,2.00,5,NULL,'2025-11-20','09:35:30',50.55,'RAC80711','stock',NULL,'39c3e048-7462-4cf6-a124-80f902edb05c','270c5af6-3fd4-4f11-8fad-5af55e9b1c37','dba916a6-8097-4dfe-88e0-de8b2a6c11d7','2025-11-21 14:40:36','2025-11-24 14:55:52',1),('a1fd3fbc-0f0b-4131-8ccb-d200ae012f13','MU','long',25,434.55,436.24,2.00,5,NULL,'2026-01-29','09:39:34',42.26,'RAC80711','stock',NULL,'39c3e048-7462-4cf6-a124-80f902edb05c','270c5af6-3fd4-4f11-8fad-5af55e9b1c37','dba916a6-8097-4dfe-88e0-de8b2a6c11d7','2026-01-29 14:46:38','2026-03-25 02:40:40',1),('a22c6ed7-faa2-45b8-913e-a023c2c2ed28','ONON','long',60,42.80,42.37,2.00,5,NULL,'2025-11-12','09:36:08',-26.02,'RAC80711','stock',NULL,'39c3e048-7462-4cf6-a124-80f902edb05c','270c5af6-3fd4-4f11-8fad-5af55e9b1c37','dba916a6-8097-4dfe-88e0-de8b2a6c11d7','2025-11-12 14:50:23','2025-11-13 01:20:29',1),('a57106fc-c7b0-4ac7-abf8-907f030d047c','AMD','long',10,216.46,220.12,2.00,5,NULL,'2025-10-06','21:38:06',36.60,'RAC80711','stock',NULL,'39c3e048-7462-4cf6-a124-80f902edb05c','270c5af6-3fd4-4f11-8fad-5af55e9b1c37','dba916a6-8097-4dfe-88e0-de8b2a6c11d7','2025-10-08 09:02:20','2025-10-08 13:16:37',1),('aac684ec-be08-4ceb-9b6e-ed3a29ef61b8','IREN','long',50,58.87,58.26,2.00,2,NULL,'2025-10-07','21:31:33',-30.50,'RAC80711','stock',NULL,'39c3e048-7462-4cf6-a124-80f902edb05c','270c5af6-3fd4-4f11-8fad-5af55e9b1c37','dba916a6-8097-4dfe-88e0-de8b2a6c11d7','2025-10-08 13:07:23','2025-10-08 13:16:54',1),('aae74c57-8c05-4db6-bdf7-79e5da29e5fb','INTC','long',200,43.07,43.23,0.00,3,NULL,'2025-12-03','09:34:47',32.04,'RAC80711','stock',NULL,'39c3e048-7462-4cf6-a124-80f902edb05c','270c5af6-3fd4-4f11-8fad-5af55e9b1c37','dba916a6-8097-4dfe-88e0-de8b2a6c11d7','2025-12-03 14:53:37','2025-12-03 14:54:08',1),('ac3453d4-b53f-48f1-b32c-6738af89cbf7','GOOG','long',30,301.16,300.18,2.00,5,NULL,'2025-11-20','09:33:24',-29.39,'RAC80711','stock',NULL,'39c3e048-7462-4cf6-a124-80f902edb05c','270c5af6-3fd4-4f11-8fad-5af55e9b1c37','dba916a6-8097-4dfe-88e0-de8b2a6c11d7','2025-11-21 14:40:36','2025-11-24 14:55:53',1),('af20fa53-b612-4218-9d5a-b7e0314cb671','IREN','long',40,71.85,71.25,2.00,5,NULL,'2025-10-15','09:35:18',-24.00,'RAC80711','stock',NULL,'39c3e048-7462-4cf6-a124-80f902edb05c','270c5af6-3fd4-4f11-8fad-5af55e9b1c37','dba916a6-8097-4dfe-88e0-de8b2a6c11d7','2025-10-16 01:31:04','2025-10-16 01:31:32',1),('b1cf04c0-cf55-40ad-8452-b9127e487f3d','TSM','long',25,376.26,377.75,2.00,5,NULL,'2026-02-13','09:36:32',37.25,'RAC80711','stock',NULL,'39c3e048-7462-4cf6-a124-80f902edb05c','270c5af6-3fd4-4f11-8fad-5af55e9b1c37','966098aa-aac8-458f-a6b0-81a5dbc5f21b','2026-02-13 00:59:44','2026-02-13 01:00:13',1),('b69a9a9b-ac37-471f-8ae3-7b114b712912','AMZN','long',30,247.46,248.25,2.00,5,NULL,'2025-10-31','09:36:00',23.70,'RAC80711','stock',NULL,'39c3e048-7462-4cf6-a124-80f902edb05c','270c5af6-3fd4-4f11-8fad-5af55e9b1c37','dba916a6-8097-4dfe-88e0-de8b2a6c11d7','2025-10-31 13:54:24','2025-10-31 13:54:45',1),('b89eb6f1-cc36-4deb-b1de-07bc2a2750ea','CRCL','long',50,86.94,87.77,2.00,5,NULL,'2026-02-26','09:40:15',41.51,'RAC80711','stock',NULL,'39c3e048-7462-4cf6-a124-80f902edb05c','3378c2b6-526b-4a2f-9af5-410d9a242bf6','966098aa-aac8-458f-a6b0-81a5dbc5f21b','2026-02-26 14:51:47','2026-03-05 14:48:40',1),('c28a06cf-12e7-440a-8ad8-debecd450f92','CRWV','long',50,110.44,110.76,2.00,5,NULL,'2026-01-28','09:40:52',16.01,'RAC80711','stock',NULL,'39c3e048-7462-4cf6-a124-80f902edb05c','270c5af6-3fd4-4f11-8fad-5af55e9b1c37','dba916a6-8097-4dfe-88e0-de8b2a6c11d7','2026-01-29 01:43:30','2026-03-25 02:40:43',1),('c865c4eb-cb5e-4764-a5bb-7cff31a92a52','MU','long',25,272.68,271.54,2.00,1,NULL,'2025-12-22','09:33:32',-28.50,'RAC80711','stock',NULL,'39c3e048-7462-4cf6-a124-80f902edb05c','270c5af6-3fd4-4f11-8fad-5af55e9b1c37','dba916a6-8097-4dfe-88e0-de8b2a6c11d7','2025-12-22 14:52:33','2026-03-25 02:41:00',1),('c9e308cf-4c8a-4201-83c1-22dffc44e4ed','NVDA','long',20,190.16,190.87,2.00,5,NULL,'2025-10-02','21:37:11',14.20,'RAC80711','stock',NULL,'39c3e048-7462-4cf6-a124-80f902edb05c','3378c2b6-526b-4a2f-9af5-410d9a242bf6','dba916a6-8097-4dfe-88e0-de8b2a6c11d7','2025-10-08 09:01:02','2025-10-08 13:16:11',1),('ca4f4089-46a9-445a-9403-3c94bb343bde','AMD','long',15,254.64,253.66,2.00,3,NULL,'2025-10-27','09:45:35',-14.69,'RAC80711','stock',NULL,'39c3e048-7462-4cf6-a124-80f902edb05c','270c5af6-3fd4-4f11-8fad-5af55e9b1c37','dba916a6-8097-4dfe-88e0-de8b2a6c11d7','2025-10-28 01:01:16','2025-10-29 00:46:41',1),('cc8ae5f5-88c7-4fce-86bc-8e666e872d83','CRWV','long',25,104.60,106.35,2.00,5,NULL,'2026-01-26','09:35:48',43.76,'RAC80711','stock',NULL,'39c3e048-7462-4cf6-a124-80f902edb05c','3378c2b6-526b-4a2f-9af5-410d9a242bf6','dba916a6-8097-4dfe-88e0-de8b2a6c11d7','2026-01-27 01:05:05','2026-03-25 02:40:44',1),('cc90b83b-7a15-4ddc-974f-51103c551475','TSLA','long',7,467.96,466.70,2.00,4,NULL,'2025-10-02','21:32:14',-8.86,'RAC80711','stock',NULL,'39c3e048-7462-4cf6-a124-80f902edb05c','270c5af6-3fd4-4f11-8fad-5af55e9b1c37','dba916a6-8097-4dfe-88e0-de8b2a6c11d7','2025-10-08 09:01:02','2025-10-08 13:16:00',1),('cf468f25-149c-47d9-ab25-b8744eb3e708','AMD','long',10,235.27,236.09,2.00,5,NULL,'2025-10-09','21:44:55',8.20,'RAC80711','stock',NULL,'39c3e048-7462-4cf6-a124-80f902edb05c','270c5af6-3fd4-4f11-8fad-5af55e9b1c37','dba916a6-8097-4dfe-88e0-de8b2a6c11d7','2025-10-10 13:24:44','2025-10-16 01:31:28',1),('d09538e0-ed52-4f55-9e71-db4e5689b035','IREN','long',30,73.43,72.41,2.00,5,NULL,'2025-11-06','09:44:45',-30.59,'RAC80711','stock',NULL,'39c3e048-7462-4cf6-a124-80f902edb05c','270c5af6-3fd4-4f11-8fad-5af55e9b1c37','dba916a6-8097-4dfe-88e0-de8b2a6c11d7','2025-11-06 15:03:23','2025-11-06 15:04:28',1),('d0b4c483-70b3-4753-91d2-c910121221a0','MU','long',25,359.98,363.01,2.00,5,NULL,'2026-01-16','09:37:58',75.76,'RAC80711','stock',NULL,'39c3e048-7462-4cf6-a124-80f902edb05c','3378c2b6-526b-4a2f-9af5-410d9a242bf6','dba916a6-8097-4dfe-88e0-de8b2a6c11d7','2026-01-20 01:16:06','2026-03-25 02:40:44',1),('d1577d4a-0c87-47e7-879c-336b4324fe32','BABA','long',20,176.38,175.65,2.00,4,NULL,'2025-09-24','21:46:49',-14.56,'RAC80711','stock',NULL,'39c3e048-7462-4cf6-a124-80f902edb05c','270c5af6-3fd4-4f11-8fad-5af55e9b1c37','dba916a6-8097-4dfe-88e0-de8b2a6c11d7','2025-10-08 08:59:49','2025-10-08 13:13:58',1),('d31e6154-ca80-4261-87ac-0a75904ac8e7','MU','long',25,315.44,313.28,2.00,3,NULL,'2026-01-05','09:48:26',-54.00,'RAC80711','stock',NULL,'39c3e048-7462-4cf6-a124-80f902edb05c','270c5af6-3fd4-4f11-8fad-5af55e9b1c37','dba916a6-8097-4dfe-88e0-de8b2a6c11d7','2026-01-06 00:33:10','2026-03-25 02:40:59',1),('d6152a62-1ab3-4df5-b3d7-a9c818bd6728','GOOG','long',30,300.87,301.95,2.00,5,NULL,'2025-11-20','09:44:21',32.41,'RAC80711','stock',NULL,'39c3e048-7462-4cf6-a124-80f902edb05c','270c5af6-3fd4-4f11-8fad-5af55e9b1c37','dba916a6-8097-4dfe-88e0-de8b2a6c11d7','2025-11-21 14:40:36','2025-11-24 14:55:56',1),('d8518cbe-a9bf-478a-b9c0-6084a4c84598','ONON','long',60,44.09,43.53,2.00,5,NULL,'2025-11-12','09:31:52',-33.59,'RAC80711','stock',NULL,'39c3e048-7462-4cf6-a124-80f902edb05c','3378c2b6-526b-4a2f-9af5-410d9a242bf6','dba916a6-8097-4dfe-88e0-de8b2a6c11d7','2025-11-12 14:50:23','2025-11-12 14:50:52',1),('da6d305d-b46a-4d73-b995-66addd710c68','GOOG','long',30,320.59,323.32,2.00,5,NULL,'2025-11-25','09:34:38',81.91,'RAC80711','stock',NULL,'39c3e048-7462-4cf6-a124-80f902edb05c','270c5af6-3fd4-4f11-8fad-5af55e9b1c37','dba916a6-8097-4dfe-88e0-de8b2a6c11d7','2025-11-25 15:05:26','2025-11-25 15:05:44',1),('df7167c9-6b69-4ca7-9243-8700e3283650','INTC','long',200,48.09,47.90,2.00,5,NULL,'2026-01-14','09:36:33',-37.96,'RAC80711','stock',NULL,'39c3e048-7462-4cf6-a124-80f902edb05c','270c5af6-3fd4-4f11-8fad-5af55e9b1c37','dba916a6-8097-4dfe-88e0-de8b2a6c11d7','2026-01-15 01:10:56','2026-03-25 02:40:58',1),('e10ea5dd-cc90-4ff2-ae5e-624a7a41879f','DJT','long',250,15.04,14.92,2.00,5,NULL,'2025-12-19','09:33:19',-29.95,'RAC80711','stock',NULL,'39c3e048-7462-4cf6-a124-80f902edb05c','270c5af6-3fd4-4f11-8fad-5af55e9b1c37','dba916a6-8097-4dfe-88e0-de8b2a6c11d7','2025-12-19 15:06:28','2025-12-19 15:09:25',1),('e1d87762-2fa6-460d-83b0-a88c577ecd6d','MIGI','short',100,10.09,10.32,2.00,5,NULL,'2025-12-11','09:34:04',-22.99,'RAC80711','stock',NULL,'39c3e048-7462-4cf6-a124-80f902edb05c','d562efae-6377-4d22-9ed9-9c47ef8e0161','dba916a6-8097-4dfe-88e0-de8b2a6c11d7','2025-12-13 13:38:29','2025-12-13 13:39:22',1),('e7139124-6e38-470d-b2f0-430544e1c2ba','TSM','long',25,339.44,341.45,2.00,5,NULL,'2026-01-15','09:36:16',50.26,'RAC80711','stock',NULL,'39c3e048-7462-4cf6-a124-80f902edb05c','270c5af6-3fd4-4f11-8fad-5af55e9b1c37','dba916a6-8097-4dfe-88e0-de8b2a6c11d7','2026-01-20 01:15:39','2026-03-25 02:40:57',1),('e8d882d0-4392-4197-b956-684e4b42e775','MIGI','short',100,9.96,8.73,2.00,5,NULL,'2025-12-11','09:40:32',123.00,'RAC80711','stock',NULL,'39c3e048-7462-4cf6-a124-80f902edb05c','d562efae-6377-4d22-9ed9-9c47ef8e0161','dba916a6-8097-4dfe-88e0-de8b2a6c11d7','2025-12-13 13:38:29','2025-12-13 13:39:21',1),('ebd8e831-cb23-4dc3-b9c1-7bd2886dcb7d','DJT','long',250,15.62,15.43,2.00,5,NULL,'2025-12-19','09:53:34',-47.48,'RAC80711','stock',NULL,'39c3e048-7462-4cf6-a124-80f902edb05c','3378c2b6-526b-4a2f-9af5-410d9a242bf6','dba916a6-8097-4dfe-88e0-de8b2a6c11d7','2025-12-19 15:06:28','2025-12-19 15:09:26',1),('f31b1400-2b5a-400d-bd30-090ec7a3dd26','AMD','long',15,255.00,255.30,2.00,5,NULL,'2025-10-27','09:39:04',4.50,'RAC80711','stock',NULL,'39c3e048-7462-4cf6-a124-80f902edb05c','270c5af6-3fd4-4f11-8fad-5af55e9b1c37','dba916a6-8097-4dfe-88e0-de8b2a6c11d7','2025-10-28 01:01:16','2025-10-29 00:46:36',1),('f5d91252-77b2-48f8-9101-5ad2bf8dd084','GOOGL','long',30,314.18,315.00,2.00,5,NULL,'2025-11-24','09:40:18',24.61,'RAC80711','stock',NULL,'39c3e048-7462-4cf6-a124-80f902edb05c','3378c2b6-526b-4a2f-9af5-410d9a242bf6','dba916a6-8097-4dfe-88e0-de8b2a6c11d7','2025-11-24 14:55:18','2025-11-25 15:05:42',1),('f764ac93-91d1-43d9-bf2d-cb4480056746','HOOD','long',30,140.56,140.94,2.00,3,NULL,'2025-10-01','21:38:10',11.43,'RAC80711','stock',NULL,'39c3e048-7462-4cf6-a124-80f902edb05c','270c5af6-3fd4-4f11-8fad-5af55e9b1c37','dba916a6-8097-4dfe-88e0-de8b2a6c11d7','2025-10-08 09:00:41','2025-10-08 13:15:26',1),('f80ba1f6-8fd1-4e78-b29d-82bcb94e5da6','MU','long',25,435.94,434.66,2.00,5,'Platform Lagged giving unfavorable entry','2026-01-29','09:36:26',-31.90,'RAC80711','stock',NULL,'39c3e048-7462-4cf6-a124-80f902edb05c','270c5af6-3fd4-4f11-8fad-5af55e9b1c37','dba916a6-8097-4dfe-88e0-de8b2a6c11d7','2026-01-29 14:46:38','2026-03-25 02:40:42',1),('f93a3f8a-408d-40fa-b1d8-e302e3b04208','ATHA','short',250,7.79,7.90,3.00,5,NULL,'2025-12-18','09:39:18',-27.50,'RAC80711','stock',NULL,'39c3e048-7462-4cf6-a124-80f902edb05c','d562efae-6377-4d22-9ed9-9c47ef8e0161','dba916a6-8097-4dfe-88e0-de8b2a6c11d7','2025-12-18 14:53:34','2025-12-19 15:07:11',1),('faaa67ba-4a16-4219-aaef-8bf932f11e77','ATHA','short',250,7.72,7.83,3.00,5,NULL,'2025-12-18','09:38:00',-27.48,'RAC80711','stock',NULL,'39c3e048-7462-4cf6-a124-80f902edb05c','d562efae-6377-4d22-9ed9-9c47ef8e0161','dba916a6-8097-4dfe-88e0-de8b2a6c11d7','2025-12-18 14:53:34','2025-12-18 14:54:14',1),('ffd6c9f8-577b-4a35-b089-f9f0c8115e3b','APLD','long',40,36.59,37.23,2.00,3,NULL,'2025-10-10','21:40:03',25.60,'RAC80711','stock',NULL,'39c3e048-7462-4cf6-a124-80f902edb05c','270c5af6-3fd4-4f11-8fad-5af55e9b1c37','dba916a6-8097-4dfe-88e0-de8b2a6c11d7','2025-10-12 00:43:26','2025-10-16 01:31:28',1);
/*!40000 ALTER TABLE `Trades` ENABLE KEYS */;
UNLOCK TABLES;

--
-- Table structure for table `Users`
--

DROP TABLE IF EXISTS `Users`;
/*!40101 SET @saved_cs_client     = @@character_set_client */;
/*!50503 SET character_set_client = utf8mb4 */;
CREATE TABLE `Users` (
  `id` char(36) CHARACTER SET utf8mb4 COLLATE utf8mb4_bin NOT NULL,
  `firstname` varchar(255) NOT NULL,
  `lastname` varchar(255) NOT NULL,
  `middlename` varchar(255) DEFAULT NULL,
  `email` varchar(255) NOT NULL,
  `phone` varchar(255) DEFAULT NULL,
  `password` varchar(255) NOT NULL,
  `role` enum('free','paid') DEFAULT 'free',
  `isVerified` tinyint(1) DEFAULT '0',
  `verificationToken` varchar(255) DEFAULT NULL,
  `createdAt` datetime NOT NULL,
  `updatedAt` datetime NOT NULL,
  PRIMARY KEY (`id`),
  UNIQUE KEY `email` (`email`)
) ENGINE=InnoDB DEFAULT CHARSET=utf8mb4 COLLATE=utf8mb4_0900_ai_ci;
/*!40101 SET character_set_client = @saved_cs_client */;

--
-- Dumping data for table `Users`
--

LOCK TABLES `Users` WRITE;
/*!40000 ALTER TABLE `Users` DISABLE KEYS */;
INSERT INTO `Users` VALUES ('39c3e048-7462-4cf6-a124-80f902edb05c','Ronjay','Acorda',NULL,'rgacorda02@gmail.com',NULL,'$2b$10$zwa.FmtNfBQlJB5QUpfSwepNAOlVl.ZDlALMppTpJyg6rHRJcQjZW','paid',1,NULL,'2025-10-08 07:30:21','2025-10-08 07:59:07');
/*!40000 ALTER TABLE `Users` ENABLE KEYS */;
UNLOCK TABLES;
/*!40103 SET TIME_ZONE=@OLD_TIME_ZONE */;

/*!40101 SET SQL_MODE=@OLD_SQL_MODE */;
/*!40014 SET FOREIGN_KEY_CHECKS=@OLD_FOREIGN_KEY_CHECKS */;
/*!40014 SET UNIQUE_CHECKS=@OLD_UNIQUE_CHECKS */;
/*!40101 SET CHARACTER_SET_CLIENT=@OLD_CHARACTER_SET_CLIENT */;
/*!40101 SET CHARACTER_SET_RESULTS=@OLD_CHARACTER_SET_RESULTS */;
/*!40101 SET COLLATION_CONNECTION=@OLD_COLLATION_CONNECTION */;
/*!40111 SET SQL_NOTES=@OLD_SQL_NOTES */;

-- Dump completed on 2026-04-12  0:59:00
